-- MySQL Script generated by MySQL Workbench
-- Wed Oct  7 15:39:36 2020
-- Model: New Model    Version: 1.0
-- MySQL Workbench Forward Engineering

SET @OLD_UNIQUE_CHECKS=@@UNIQUE_CHECKS, UNIQUE_CHECKS=0;
SET @OLD_FOREIGN_KEY_CHECKS=@@FOREIGN_KEY_CHECKS, FOREIGN_KEY_CHECKS=0;
SET @OLD_SQL_MODE=@@SQL_MODE, SQL_MODE='ONLY_FULL_GROUP_BY,STRICT_TRANS_TABLES,NO_ZERO_IN_DATE,NO_ZERO_DATE,ERROR_FOR_DIVISION_BY_ZERO,NO_ENGINE_SUBSTITUTION';

-- -----------------------------------------------------
-- Schema rjm16
-- -----------------------------------------------------
DROP SCHEMA IF EXISTS `rjm16` ;

-- -----------------------------------------------------
-- Schema rjm16
-- -----------------------------------------------------
CREATE SCHEMA IF NOT EXISTS `rjm16` DEFAULT CHARACTER SET utf8 ;
SHOW WARNINGS;
USE `rjm16` ;

-- -----------------------------------------------------
-- Table `rjm16`.`petstore`
-- -----------------------------------------------------
DROP TABLE IF EXISTS `rjm16`.`petstore` ;

SHOW WARNINGS;
CREATE TABLE IF NOT EXISTS `rjm16`.`petstore` (
  `pst_id` SMALLINT UNSIGNED NOT NULL AUTO_INCREMENT,
  `pst_name` VARCHAR(30) NOT NULL,
  `pst_street` VARCHAR(30) NOT NULL,
  `pst_city` VARCHAR(30) NOT NULL,
  `pst_state` CHAR(2) NOT NULL,
  `pst_zip` INT(9) UNSIGNED NOT NULL,
  `pst_phone` BIGINT UNSIGNED NOT NULL,
  `pst_email` VARCHAR(100) NOT NULL,
  `pst_url` VARCHAR(100) NOT NULL,
  `pst_ytd_sales` DECIMAL(10,2) NOT NULL,
  `pst_notes` VARCHAR(255) NULL,
  PRIMARY KEY (`pst_id`))
ENGINE = InnoDB;

SHOW WARNINGS;

-- -----------------------------------------------------
-- Table `rjm16`.`customer`
-- -----------------------------------------------------
DROP TABLE IF EXISTS `rjm16`.`customer` ;

SHOW WARNINGS;
CREATE TABLE IF NOT EXISTS `rjm16`.`customer` (
  `cus_id` SMALLINT UNSIGNED NOT NULL AUTO_INCREMENT,
  `cus_fname` VARCHAR(15) NOT NULL,
  `cus_lname` VARCHAR(30) NOT NULL,
  `cus_street` VARCHAR(30) NOT NULL,
  `cus_city` VARCHAR(30) NOT NULL,
  `cus_state` CHAR(2) NOT NULL,
  `cus_zip` INT UNSIGNED NOT NULL,
  `cus_phone` BIGINT UNSIGNED NOT NULL,
  `cus_email` VARCHAR(100) NOT NULL,
  `cus_balance` DECIMAL(8,2) NOT NULL,
  `cus_total_sales` DECIMAL(8,2) NOT NULL,
  `cus_notes` VARCHAR(255) NULL,
  PRIMARY KEY (`cus_id`))
ENGINE = InnoDB;

SHOW WARNINGS;

-- -----------------------------------------------------
-- Table `rjm16`.`pet`
-- -----------------------------------------------------
DROP TABLE IF EXISTS `rjm16`.`pet` ;

SHOW WARNINGS;
CREATE TABLE IF NOT EXISTS `rjm16`.`pet` (
  `pet_id` SMALLINT UNSIGNED NOT NULL AUTO_INCREMENT,
  `pst_id` SMALLINT UNSIGNED NOT NULL,
  `cus_id` SMALLINT UNSIGNED NULL,
  `pet_type` VARCHAR(45) NOT NULL,
  `pet_sex` ENUM('m', 'f') NOT NULL,
  `pet_cost` DECIMAL(6,2) NOT NULL,
  `pet_price` DECIMAL(6,2) NOT NULL,
  `pet_age` TINYINT UNSIGNED NOT NULL,
  `pet_color` VARCHAR(30) NOT NULL,
  `pet_sale_date` DATE NULL,
  `pet_vaccine` ENUM('y', 'n') NOT NULL,
  `pet_neuter` ENUM('y', 'n') NOT NULL,
  `pet_notes` VARCHAR(255) NULL,
  PRIMARY KEY (`pet_id`),
  INDEX `fk_pet_petstore_idx` (`pst_id` ASC),
  INDEX `fk_pet_customer1_idx` (`cus_id` ASC),
  CONSTRAINT `fk_pet_petstore`
    FOREIGN KEY (`pst_id`)
    REFERENCES `rjm16`.`petstore` (`pst_id`)
    ON DELETE NO ACTION
    ON UPDATE NO ACTION,
  CONSTRAINT `fk_pet_customer1`
    FOREIGN KEY (`cus_id`)
    REFERENCES `rjm16`.`customer` (`cus_id`)
    ON DELETE NO ACTION
    ON UPDATE NO ACTION)
ENGINE = InnoDB;

SHOW WARNINGS;

SET SQL_MODE=@OLD_SQL_MODE;
SET FOREIGN_KEY_CHECKS=@OLD_FOREIGN_KEY_CHECKS;
SET UNIQUE_CHECKS=@OLD_UNIQUE_CHECKS;

-- -----------------------------------------------------
-- Data for table `rjm16`.`petstore`
-- -----------------------------------------------------
START TRANSACTION;
USE `rjm16`;
INSERT INTO `rjm16`.`petstore` (`pst_id`, `pst_name`, `pst_street`, `pst_city`, `pst_state`, `pst_zip`, `pst_phone`, `pst_email`, `pst_url`, `pst_ytd_sales`, `pst_notes`) VALUES (1, 'Claws and Paws', '243 NW 18th St', 'Jupiter', 'FL', 33021, 9548547415, 'sales@clawsandpaws.com', 'clawsandpaws.com', 50000, NULL);
INSERT INTO `rjm16`.`petstore` (`pst_id`, `pst_name`, `pst_street`, `pst_city`, `pst_state`, `pst_zip`, `pst_phone`, `pst_email`, `pst_url`, `pst_ytd_sales`, `pst_notes`) VALUES (2, 'Furever More', '101 Red Blaire Ave.', 'Augustus', 'GA', 25412, 6953257489, 'sales@furevermore.com', 'furevermore.com', 642011, NULL);
INSERT INTO `rjm16`.`petstore` (`pst_id`, `pst_name`, `pst_street`, `pst_city`, `pst_state`, `pst_zip`, `pst_phone`, `pst_email`, `pst_url`, `pst_ytd_sales`, `pst_notes`) VALUES (3, 'All Bark No Bite', '101 Georgenson Rd.', 'Tampa', 'FL', 52351, 6523562552, 'support@allbarknobite.com', 'allbarknobite.com', 25102, NULL);
INSERT INTO `rjm16`.`petstore` (`pst_id`, `pst_name`, `pst_street`, `pst_city`, `pst_state`, `pst_zip`, `pst_phone`, `pst_email`, `pst_url`, `pst_ytd_sales`, `pst_notes`) VALUES (4, 'Pets Emporium', '143 Henson Rd.', 'Santa Monica', 'CA', 33526, 9585218585, 'support@petemporium.com', 'petemporium.com', 353052, NULL);
INSERT INTO `rjm16`.`petstore` (`pst_id`, `pst_name`, `pst_street`, `pst_city`, `pst_state`, `pst_zip`, `pst_phone`, `pst_email`, `pst_url`, `pst_ytd_sales`, `pst_notes`) VALUES (5, 'Reptilian Park', '301 Main St.', 'Las Vegas', 'NV', 32555, 9754545215, 'sales@reptiles.com', 'reptiles.com', 33600, NULL);
INSERT INTO `rjm16`.`petstore` (`pst_id`, `pst_name`, `pst_street`, `pst_city`, `pst_state`, `pst_zip`, `pst_phone`, `pst_email`, `pst_url`, `pst_ytd_sales`, `pst_notes`) VALUES (6, 'Pet Supermarket', '201 Scenic Ave.', 'Kissimmee', 'FL', 33017, 3120001414, 'service@petsupermarket.com', 'petsupermarket.com', 45210, NULL);
INSERT INTO `rjm16`.`petstore` (`pst_id`, `pst_name`, `pst_street`, `pst_city`, `pst_state`, `pst_zip`, `pst_phone`, `pst_email`, `pst_url`, `pst_ytd_sales`, `pst_notes`) VALUES (7, 'A Bird in the Hand', '224 Wilds Rd.', 'Milwaukee', 'WI', 59852, 2045141718, 'sales@twointhebush.com', 'twointhebush.com', 99021, NULL);
INSERT INTO `rjm16`.`petstore` (`pst_id`, `pst_name`, `pst_street`, `pst_city`, `pst_state`, `pst_zip`, `pst_phone`, `pst_email`, `pst_url`, `pst_ytd_sales`, `pst_notes`) VALUES (8, 'The Good Boys', '9201 Main St.', 'Rochester', 'NY', 99513, 2056965478, 'sales@goodboys.com', 'goodboys.com', 100450, NULL);
INSERT INTO `rjm16`.`petstore` (`pst_id`, `pst_name`, `pst_street`, `pst_city`, `pst_state`, `pst_zip`, `pst_phone`, `pst_email`, `pst_url`, `pst_ytd_sales`, `pst_notes`) VALUES (9, 'Jungle Cats', '802 Hustle Ave.', 'Newark', 'NJ', 66425, 7874546598, 'support@junglecats.com', 'junglecats.com', 20102, NULL);
INSERT INTO `rjm16`.`petstore` (`pst_id`, `pst_name`, `pst_street`, `pst_city`, `pst_state`, `pst_zip`, `pst_phone`, `pst_email`, `pst_url`, `pst_ytd_sales`, `pst_notes`) VALUES (10, 'A Whole Pawful', '305 Biscayne Bay Blvd.', 'Miami', 'FL', 33305, 3124567890, 'support@pawful.com', 'pawful.com', 31545, NULL);

COMMIT;


-- -----------------------------------------------------
-- Data for table `rjm16`.`customer`
-- -----------------------------------------------------
START TRANSACTION;
USE `rjm16`;
INSERT INTO `rjm16`.`customer` (`cus_id`, `cus_fname`, `cus_lname`, `cus_street`, `cus_city`, `cus_state`, `cus_zip`, `cus_phone`, `cus_email`, `cus_balance`, `cus_total_sales`, `cus_notes`) VALUES (1, 'John', 'Henderson', '201 Main St.', 'Newark', 'NJ', 32533, 5410214111, 'john@gmail.com', 0.0, 300.00, NULL);
INSERT INTO `rjm16`.`customer` (`cus_id`, `cus_fname`, `cus_lname`, `cus_street`, `cus_city`, `cus_state`, `cus_zip`, `cus_phone`, `cus_email`, `cus_balance`, `cus_total_sales`, `cus_notes`) VALUES (2, 'Mary', 'Cosnov', '302 New Ave.', 'Tallahassee', 'FL', 85425, 2124140000, 'mary@yahoo.com', 210.22, 300.00, NULL);
INSERT INTO `rjm16`.`customer` (`cus_id`, `cus_fname`, `cus_lname`, `cus_street`, `cus_city`, `cus_state`, `cus_zip`, `cus_phone`, `cus_email`, `cus_balance`, `cus_total_sales`, `cus_notes`) VALUES (3, 'Sue', 'De Gea', '252 Blaire Ave.', 'Augustus', 'GA', 59853, 3228842147, 'Sue@gmail.com', 600.12, 1000.00, NULL);
INSERT INTO `rjm16`.`customer` (`cus_id`, `cus_fname`, `cus_lname`, `cus_street`, `cus_city`, `cus_state`, `cus_zip`, `cus_phone`, `cus_email`, `cus_balance`, `cus_total_sales`, `cus_notes`) VALUES (4, 'Leslie', 'Chillwell', '101 Jackson Rd.', 'Rochester', 'NY', 66545, 3312262154, 'leslie@gmail.com', 30.12, 60.25, NULL);
INSERT INTO `rjm16`.`customer` (`cus_id`, `cus_fname`, `cus_lname`, `cus_street`, `cus_city`, `cus_state`, `cus_zip`, `cus_phone`, `cus_email`, `cus_balance`, `cus_total_sales`, `cus_notes`) VALUES (5, 'Neal', 'Harris', '2023 WayWard Way', 'Denver', 'CO', 32154, 6419952188, 'neal@gmail.com', 1.95, 10.25, NULL);
INSERT INTO `rjm16`.`customer` (`cus_id`, `cus_fname`, `cus_lname`, `cus_street`, `cus_city`, `cus_state`, `cus_zip`, `cus_phone`, `cus_email`, `cus_balance`, `cus_total_sales`, `cus_notes`) VALUES (6, 'Patrick', 'Barnes', '402 Straight Down Rd.', 'Santa Monica', 'CA', 03254, 9421223144, 'patrick@hotmail.com', 32.45, 45.00, NULL);
INSERT INTO `rjm16`.`customer` (`cus_id`, `cus_fname`, `cus_lname`, `cus_street`, `cus_city`, `cus_state`, `cus_zip`, `cus_phone`, `cus_email`, `cus_balance`, `cus_total_sales`, `cus_notes`) VALUES (7, 'Brian', 'Hoyer', '202 Boulder Block', 'Jupiter', 'FL', 97210, 6520014520, 'brian@live.com', 102.65, 600.00, NULL);
INSERT INTO `rjm16`.`customer` (`cus_id`, `cus_fname`, `cus_lname`, `cus_street`, `cus_city`, `cus_state`, `cus_zip`, `cus_phone`, `cus_email`, `cus_balance`, `cus_total_sales`, `cus_notes`) VALUES (8, 'Holly', 'Dinkelson', '302 Green Grass St.', 'Tampa', 'FL', 66454, 3310210021, 'holly@gmail.com', 40.12, 50.12, NULL);
INSERT INTO `rjm16`.`customer` (`cus_id`, `cus_fname`, `cus_lname`, `cus_street`, `cus_city`, `cus_state`, `cus_zip`, `cus_phone`, `cus_email`, `cus_balance`, `cus_total_sales`, `cus_notes`) VALUES (9, 'Debra', 'Downer', '502 Yellow Ct.', 'Atlanta', 'GA', 21545, 3212522522, 'debra@hotmail.com', 61.02, 75.06, NULL);
INSERT INTO `rjm16`.`customer` (`cus_id`, `cus_fname`, `cus_lname`, `cus_street`, `cus_city`, `cus_state`, `cus_zip`, `cus_phone`, `cus_email`, `cus_balance`, `cus_total_sales`, `cus_notes`) VALUES (10, 'Becky', 'Gin', '539 Main Ave.', 'Miami', 'FL', 32502, 2124554488, 'becky@gmail.com', 22.10, 100.25, NULL);

COMMIT;


-- -----------------------------------------------------
-- Data for table `rjm16`.`pet`
-- -----------------------------------------------------
START TRANSACTION;
USE `rjm16`;
INSERT INTO `rjm16`.`pet` (`pet_id`, `pst_id`, `cus_id`, `pet_type`, `pet_sex`, `pet_cost`, `pet_price`, `pet_age`, `pet_color`, `pet_sale_date`, `pet_vaccine`, `pet_neuter`, `pet_notes`) VALUES (1, 1, 1, 'Dog', 'm', 350, 400, 5, 'Brown', NULL, 'n', 'y', NULL);
INSERT INTO `rjm16`.`pet` (`pet_id`, `pst_id`, `cus_id`, `pet_type`, `pet_sex`, `pet_cost`, `pet_price`, `pet_age`, `pet_color`, `pet_sale_date`, `pet_vaccine`, `pet_neuter`, `pet_notes`) VALUES (2, 2, 2, 'Cat', 'm', 170, 200, 12, 'Brown', NULL, 'y', 'n', NULL);
INSERT INTO `rjm16`.`pet` (`pet_id`, `pst_id`, `cus_id`, `pet_type`, `pet_sex`, `pet_cost`, `pet_price`, `pet_age`, `pet_color`, `pet_sale_date`, `pet_vaccine`, `pet_neuter`, `pet_notes`) VALUES (3, 3, 3, 'Snake', 'f', 251, 300, 3, 'Green', NULL, 'n', 'n', NULL);
INSERT INTO `rjm16`.`pet` (`pet_id`, `pst_id`, `cus_id`, `pet_type`, `pet_sex`, `pet_cost`, `pet_price`, `pet_age`, `pet_color`, `pet_sale_date`, `pet_vaccine`, `pet_neuter`, `pet_notes`) VALUES (4, 4, 4, 'Cat', 'f', 320, 360, 4, 'Black', NULL, 'n', 'y', NULL);
INSERT INTO `rjm16`.`pet` (`pet_id`, `pst_id`, `cus_id`, `pet_type`, `pet_sex`, `pet_cost`, `pet_price`, `pet_age`, `pet_color`, `pet_sale_date`, `pet_vaccine`, `pet_neuter`, `pet_notes`) VALUES (5, 5, 5, 'Cat', 'm', 60, 100, 6, 'White', NULL, 'y', 'y', NULL);
INSERT INTO `rjm16`.`pet` (`pet_id`, `pst_id`, `cus_id`, `pet_type`, `pet_sex`, `pet_cost`, `pet_price`, `pet_age`, `pet_color`, `pet_sale_date`, `pet_vaccine`, `pet_neuter`, `pet_notes`) VALUES (6, 6, 6, 'Dog', 'f', 102, 150, 1, 'White', NULL, 'y', 'y', NULL);
INSERT INTO `rjm16`.`pet` (`pet_id`, `pst_id`, `cus_id`, `pet_type`, `pet_sex`, `pet_cost`, `pet_price`, `pet_age`, `pet_color`, `pet_sale_date`, `pet_vaccine`, `pet_neuter`, `pet_notes`) VALUES (7, 7, 7, 'Fish', 'm', 29, 60, 2, 'Copper', NULL, 'n', 'n', NULL);
INSERT INTO `rjm16`.`pet` (`pet_id`, `pst_id`, `cus_id`, `pet_type`, `pet_sex`, `pet_cost`, `pet_price`, `pet_age`, `pet_color`, `pet_sale_date`, `pet_vaccine`, `pet_neuter`, `pet_notes`) VALUES (8, 8, 8, 'Hamster', 'f', 33, 100, 6, 'Brown', NULL, 'n', 'n', NULL);
INSERT INTO `rjm16`.`pet` (`pet_id`, `pst_id`, `cus_id`, `pet_type`, `pet_sex`, `pet_cost`, `pet_price`, `pet_age`, `pet_color`, `pet_sale_date`, `pet_vaccine`, `pet_neuter`, `pet_notes`) VALUES (9, 9, 9, 'Dog', 'f', 45, 102, 4, 'Golden', NULL, 'y', 'n', NULL);
INSERT INTO `rjm16`.`pet` (`pet_id`, `pst_id`, `cus_id`, `pet_type`, `pet_sex`, `pet_cost`, `pet_price`, `pet_age`, `pet_color`, `pet_sale_date`, `pet_vaccine`, `pet_neuter`, `pet_notes`) VALUES (10, 10, 10, 'Cat', 'm', 60, 95, 2, 'Tuxedo', NULL, 'y', 'y', NULL);

COMMIT;

